{
  "model_load_time": 9.52687668800354,
  "eval_time": 1140.0817608833313,
  "total_time": 1149.6086375713348,
  "model_stats": {
    "root_calls": 102,
    "sub_calls": 355,
    "total_input_tokens": 761801,
    "total_output_tokens": 17512,
    "total_time": 1129.9717638492584
  }
}